,City,Country,Lat,Long,Date,Temp,Wind Spd,Cloud Cvr,Humid
0,Kapaa,US,22.0752,-159.319,1637637507,300.14,1.34,90,76
1,Pisco,PE,-13.7,-76.2167,1637637761,291.49,5.14,90,88
2,Tuktoyaktuk,CA,69.4541,-133.0374,1637637787,252.15,4.63,40,77
3,Grand Gaube,MU,-20.0064,57.6608,1637637763,297.8,0.45,1,66
4,Atuona,PF,-9.8,-139.0333,1637637765,298.46,3.65,100,76
5,Leningradskiy,RU,69.3833,178.4167,1637637766,246.67,2.09,31,90
6,Touros,BR,-5.1989,-35.4608,1637637629,299.65,5.36,94,78
7,Cabo San Lucas,MX,22.8909,-109.9124,1637637764,296.77,0.45,1,77
8,Dikson,RU,73.5069,80.5464,1637637807,249.3,7.79,100,95
9,Geraldton,AU,-28.7667,114.6,1637637803,298.22,7.2,0,43
10,Puerto Ayora,EC,-0.7393,-90.3518,1637637810,293.23,3.48,30,75
11,Mataura,NZ,-46.1927,168.8643,1637638127,290.44,2.79,81,45
12,East London,ZA,-33.0153,27.9116,1637637812,291.89,8.04,100,87
13,Qaanaaq,GL,77.484,-69.3632,1637637814,251.62,2.53,97,86
14,Saint Paul Harbor,US,57.79,-152.4072,1637637815,264.88,3.09,1,53
15,Upernavik,GL,72.7868,-56.1549,1637637816,256.68,2.85,8,88
16,Saint Anthony,US,45.0205,-93.218,1637637818,271.93,0.45,1,55
17,Cherskiy,RU,68.75,161.3,1637637819,237.4,1.22,27,100
18,Ust-Nera,RU,64.5667,143.2,1637637820,244.79,1.9,64,98
19,Nichinan,JP,31.6,131.3667,1637637822,287.97,5.49,19,54
20,Khatanga,RU,71.9667,102.5,1637637823,253.86,9.81,98,78
21,Molochnoye,RU,59.2917,39.6787,1637637825,263.83,4.84,16,91
22,Buin,CL,-33.7333,-70.75,1637637826,296.34,0.82,0,46
23,Bluff,NZ,-46.6,168.3333,1637637609,286.55,5.59,41,68
24,Tilichiki,RU,60.4667,166.1,1637637828,257.49,4.24,100,87
25,Kavieng,PG,-2.5744,150.7967,1637637764,301.93,5.57,58,77
26,Cidreira,BR,-30.1811,-50.2056,1637637831,294.16,4.31,11,78
27,Algodones,MX,20.3888,-105.4773,1637637832,295.45,2.26,6,77
28,Jérémie,HT,18.65,-74.1167,1637637834,298.83,1.49,65,83
29,Port Alfred,ZA,-33.5906,26.891,1637637601,291.51,10.16,100,84
30,Labuhan,ID,-6.8844,112.2051,1637637811,302.93,1.75,94,66
31,Busselton,AU,-33.65,115.3333,1637637613,294.31,2.07,0,42
32,Albany,US,42.6001,-73.9662,1637638097,273.76,0.89,16,73
33,Rikitea,PF,-23.1203,-134.9692,1637638153,297.53,4.81,1,74
34,Hamilton,US,39.1834,-84.5333,1637637543,272.58,2.06,1,73
35,College,US,64.8569,-147.8028,1637637824,256.25,4.12,90,61
36,Bathsheba,BB,13.2167,-59.5167,1637637843,299.49,6.17,40,78
37,Hilo,US,19.7297,-155.09,1637637750,296.0,2.06,90,96
38,Yauco,PR,18.035,-66.8499,1637637846,299.12,1.72,60,84
39,Podosinovets,RU,60.2776,47.0659,1637637847,266.45,5.44,100,93
40,Vaini,TO,-21.2,-175.2,1637638161,302.24,2.57,40,79
41,Punta Arenas,CL,-53.15,-70.9167,1637638162,277.21,1.03,75,65
42,Iqaluit,CA,63.7506,-68.5145,1637637786,271.0,7.15,90,74
43,Port Hardy,CA,50.6996,-127.4199,1637637852,279.25,2.06,90,100
44,Spornoye,RU,50.8448,37.2913,1637637853,271.16,2.67,100,80
45,Ushuaia,AR,-54.8,-68.3,1637637623,271.39,1.24,91,94
46,Diamantino,BR,-14.4086,-56.4461,1637637856,296.69,1.64,99,91
47,Hobart,AU,-42.8794,147.3294,1637637619,297.19,0.45,75,52
48,Nikolskoye,RU,59.7035,30.7861,1637637858,270.82,2.32,100,96
49,Abhā,SA,18.2164,42.5053,1637637860,285.05,0.0,0,66
50,Jamestown,US,42.097,-79.2353,1637637788,273.92,2.68,90,67
51,Padang,ID,-0.9492,100.3543,1637638174,303.18,1.16,100,67
52,Souillac,MU,-20.5167,57.5167,1637637863,297.79,3.09,40,88
53,Ouallam,NE,14.3188,2.0866,1637637865,298.03,4.56,2,22
54,Ribeira Grande,PT,38.5167,-28.7,1637637644,291.98,8.61,20,85
55,Ténenkou,ML,14.4572,-4.9169,1637637668,297.77,4.59,56,28
56,Coahuayana Viejo,MX,18.7333,-103.6833,1637637868,299.86,1.16,81,89
57,Nirasaki,JP,35.7,138.45,1637637870,290.08,4.47,1,40
58,Lumut,MY,4.2323,100.6298,1637637871,303.35,1.54,40,74
59,New Norfolk,AU,-42.7826,147.0587,1637637872,296.99,0.89,100,42
60,Carnarvon,AU,-24.8667,113.6333,1637638043,298.19,8.75,0,53
61,Tiksi,RU,71.6872,128.8694,1637637770,243.1,3.49,52,97
62,Severo-Kuril'sk,RU,50.6789,156.125,1637637626,276.45,7.89,94,83
63,Guiratinga,BR,-16.3494,-53.7583,1637637639,296.41,0.95,100,89
64,Thompson,CA,55.7435,-97.8558,1637638189,255.24,1.03,75,71
65,Beloha,MG,-25.1667,45.05,1637637778,293.2,3.26,57,92
66,Bengkulu,ID,-3.8004,102.2655,1637637762,301.08,1.32,99,69
67,Bilibino,RU,68.0546,166.4372,1637637882,243.36,1.62,4,90
68,Belaya Gora,RU,68.5333,146.4167,1637637883,245.43,2.04,100,99
69,Saskylakh,RU,71.9167,114.0833,1637637791,241.58,3.83,12,98
70,Aitape,PG,-3.1374,142.3475,1637637791,302.14,2.31,57,73
71,Ngunguru,NZ,-35.6167,174.5,1637637887,291.92,5.47,10,76
72,Avarua,CK,-21.2078,-159.775,1637637888,298.18,3.09,90,78
73,Tuatapere,NZ,-46.1333,167.6833,1637637889,287.93,3.57,52,62
74,Te Anau,NZ,-45.4167,167.7167,1637637891,290.42,1.9,9,45
75,Birao,CF,10.2849,22.7882,1637637892,293.51,3.65,98,26
76,Chokurdakh,RU,70.6333,147.9167,1637637893,248.07,2.33,100,99
77,Waitara,NZ,-38.925,174.25,1637637895,294.66,4.53,30,54
78,Novi Kneževac,RS,46.05,20.1,1637637896,279.18,4.41,97,86
79,Adré,TD,13.4667,22.2,1637637898,292.42,6.83,50,29
80,San Patricio,US,28.017,-97.5169,1637637899,292.5,3.23,100,48
81,Laas,IT,46.6166,10.7002,1637637900,277.64,1.2,73,90
82,Agua Verde,MX,22.9,-106.05,1637637902,299.89,4.75,75,73
83,Constitución,CL,-35.3333,-72.4167,1637637903,289.5,4.29,0,58
84,Xining,CN,36.6167,101.7667,1637637904,272.76,1.09,0,25
85,George Town,MY,5.4112,100.3354,1637637906,303.11,0.0,20,83
86,Fortuna,US,40.5982,-124.1573,1637637907,282.58,0.89,90,93
87,Maumere,ID,-8.6199,122.2111,1637637908,303.43,1.23,28,66
88,Riviere-au-Renard,CA,48.9957,-64.3971,1637637910,280.31,6.16,100,98
89,Outjo,NA,-20.1167,16.15,1637637911,287.57,1.54,0,27
90,Chiredzi,ZW,-21.05,31.6667,1637637913,293.89,2.15,100,95
91,Truth or Consequences,US,33.1284,-107.2528,1637637780,283.23,3.6,1,31
92,Mogadishu,SO,2.0371,45.3438,1637637674,299.26,3.81,61,77
93,Jyvaskyla,FI,62.2415,25.7209,1637637916,270.35,1.03,75,97
94,Lida,BY,53.8833,25.2997,1637637917,270.88,2.51,47,69
95,Ambilobe,MG,-13.2,49.05,1637637919,296.89,1.53,75,81
96,Aguililla,MX,18.7333,-102.7333,1637637920,292.37,2.07,4,69
97,Hong Kong,HK,22.2855,114.1577,1637637657,290.51,2.24,100,75
98,Beringovskiy,RU,63.05,179.3167,1637637923,254.13,5.89,95,98
99,Dāmghān,IR,36.1683,54.348,1637637924,279.62,1.0,1,74
100,Lakatoro,VU,-16.0999,167.4164,1637637925,302.67,2.59,96,70
101,Mujiayingzi,CN,42.1167,118.7833,1637637927,269.4,4.79,7,33
102,Bredasdorp,ZA,-34.5322,20.0403,1637637928,287.24,1.68,30,78
103,Cape Town,ZA,-33.9258,18.4232,1637637930,290.43,8.75,0,70
104,Bethel,US,41.3712,-73.414,1637637759,276.51,0.45,1,61
105,Tangwani,PK,28.2787,68.9972,1637637932,293.58,2.87,0,15
106,Huarmey,PE,-10.0681,-78.1522,1637637845,292.09,2.95,97,82
107,Del Rio,US,29.3627,-100.8968,1637637935,288.94,0.0,1,41
108,Puerto Rondón,CO,6.2805,-71.1,1637637936,297.51,1.86,36,82
109,Alexandria,EG,31.2156,29.9553,1637638242,288.45,1.03,6,94
110,Saldanha,ZA,-33.0117,17.9442,1637637773,287.18,6.72,2,81
111,Port Elizabeth,ZA,-33.918,25.5701,1637637939,290.31,5.66,90,82
112,Nhulunbuy,AU,-12.2333,136.7667,1637637941,308.49,5.14,20,46
113,Rāmshīr,IR,30.8946,49.4092,1637637942,290.07,3.82,10,62
114,Panacan,PH,9.2463,118.4082,1637637944,303.3,5.01,71,71
115,Cotonou,BJ,6.3654,2.4183,1637637945,301.14,3.6,20,89
116,Vrangel',RU,42.7297,133.0839,1637637946,270.48,12.08,73,54
117,Mount Isa,AU,-20.7333,139.5,1637637948,307.02,4.63,40,20
118,‘Āhuimanu,US,21.4447,-157.8378,1637638253,300.99,5.66,90,74
119,Praia da Vitória,PT,38.7333,-27.0667,1637638254,291.35,7.22,75,94
120,Flinders,AU,-34.5833,150.8552,1637638255,296.14,3.32,100,71
121,Gamboula,CF,4.1178,15.1393,1637638257,293.11,0.77,41,86
122,Lorengau,PG,-2.0226,147.2712,1637638258,299.63,4.01,100,85
123,Arraial do Cabo,BR,-22.9661,-42.0278,1637638260,293.92,6.7,5,75
124,Erenhot,CN,43.6475,111.9767,1637638261,268.49,5.09,9,48
125,Fort Nelson,CA,58.8053,-122.7002,1637638262,256.92,3.6,90,78
126,Sorong,ID,-0.8833,131.25,1637638264,302.02,2.47,31,70
127,Camocim,BR,-2.9022,-40.8411,1637638265,299.39,4.36,100,82
128,Hermanus,ZA,-34.4187,19.2345,1637638266,288.29,3.66,12,80
129,Baillif,GP,16.0202,-61.7463,1637638268,295.87,4.4,28,73
130,San Matías,BO,-16.3667,-58.4,1637638269,297.95,1.86,99,88
131,Port Blair,IN,11.6667,92.75,1637638271,302.36,4.83,74,73
132,Hithadhoo,MV,-0.6,73.0833,1637638272,300.44,8.03,100,79
133,Carutapera,BR,-1.195,-46.02,1637638273,298.77,2.31,37,81
134,Lukovetskiy,RU,64.2956,41.9211,1637638275,270.14,3.08,100,87
135,Coracora,PE,-15.0333,-73.7833,1637638276,283.85,0.92,99,63
136,Vila Franca do Campo,PT,37.7167,-25.4333,1637638277,293.26,6.78,93,87
137,Tasiilaq,GL,65.6145,-37.6368,1637638279,270.24,3.49,97,63
138,Lompoc,US,34.6391,-120.4579,1637638280,293.46,0.0,1,36
139,Mar del Plata,AR,-38.0023,-57.5575,1637638124,287.09,2.68,6,66
140,Champerico,GT,14.3,-91.9167,1637638282,299.96,1.1,100,77
141,Salalah,OM,17.0151,54.0924,1637638022,300.2,4.63,0,18
142,Karratha,AU,-20.7377,116.8463,1637638008,305.15,3.19,85,44
143,Eldoret,KE,0.5204,35.2699,1637638286,286.26,4.41,99,76
144,San Cristobal,VE,7.7669,-72.225,1637638288,294.25,0.64,58,98
145,Nanortalik,GL,60.1432,-45.2371,1637638289,266.96,6.25,5,74
146,Santa Quitéria,BR,-4.3319,-40.1567,1637638290,299.71,1.41,100,64
147,Kavaratti,IN,10.5669,72.642,1637638292,300.53,3.8,80,76
148,Faanui,PF,-16.4833,-151.75,1637638293,300.56,3.95,100,74
149,Saint-Philippe,RE,-21.3585,55.7679,1637638294,301.19,3.67,28,67
150,Verkhoyansk,RU,67.5447,133.385,1637638296,238.82,0.82,80,100
151,Broome,US,42.2506,-75.833,1637638297,272.6,0.89,1,70
152,Caravelas,BR,-17.7125,-39.2481,1637638299,294.05,1.72,100,87
153,Marshall,US,34.3834,-86.3333,1637638300,277.99,1.34,1,59
154,Leh,IN,34.1667,77.5833,1637638022,264.4,1.59,0,50
155,Isangel,VU,-19.55,169.2667,1637638302,304.21,4.12,75,74
156,Sitka,US,57.0531,-135.33,1637638184,276.09,2.06,90,87
157,Saýat,TM,38.7839,63.8803,1637638305,279.08,2.4,99,28
158,Jambi City,ID,-1.6,103.6167,1637638306,305.48,0.69,100,58
159,Vila Velha,BR,-20.3297,-40.2925,1637638308,294.12,0.45,75,88
160,Kabalo,CD,-6.05,26.9167,1637638309,293.21,0.47,100,97
161,Middle Island,US,40.8843,-72.9373,1637638310,277.53,4.02,1,51
162,Xiaoweizhai,CN,26.1903,107.5125,1637638312,281.72,2.11,97,77
163,Saint-Pierre,RE,-21.3393,55.4781,1637638041,300.13,2.06,0,60
164,Khanbari,NP,27.3747,87.2039,1637638314,291.1,1.49,37,68
165,Nome,US,64.5011,-165.4064,1637638316,258.19,8.23,1,51
166,Kaitangata,NZ,-46.2817,169.8464,1637638317,287.09,2.51,73,60
167,Nikitinskiy,RU,54.5845,86.0115,1637638318,271.49,7.17,100,91
168,Alofi,NU,-19.0595,-169.9187,1637638320,302.09,4.12,75,61
169,Hearst,CA,49.6835,-83.6665,1637638321,264.29,4.4,100,92
170,Vitim,RU,59.4511,112.5578,1637638323,253.37,0.97,4,78
171,Chicama,PE,-7.8447,-79.1469,1637638324,289.45,2.01,75,81
172,Morondava,MG,-20.2833,44.2833,1637638326,300.77,3.36,80,77
173,Karaton,ID,-6.3424,106.1045,1637638327,301.98,2.86,100,92
174,Berlevåg,NO,70.8578,29.0864,1637638328,269.3,2.09,100,55
175,Torbay,CA,47.6666,-52.7314,1637638330,276.63,6.17,40,84
176,Kloulklubed,PW,7.0419,134.2556,1637638331,304.43,5.76,89,77
177,Katsuura,JP,35.1333,140.3,1637638333,290.48,2.1,87,74
178,Tura,IN,25.5198,90.2201,1637638334,297.13,0.84,0,48
179,Khovd,MN,48.0056,91.6419,1637638335,271.52,2.38,75,26
180,Havelock,US,34.8791,-76.9013,1637638337,283.67,0.89,76,91
181,Najrān,SA,17.4924,44.1277,1637638338,286.51,0.42,20,31
182,Sinnamary,GF,5.3833,-52.95,1637638339,298.45,2.82,83,88
183,Krutinka,RU,56.0055,71.5113,1637638341,269.54,7.16,98,88
184,Muros,ES,42.7762,-9.0603,1637638342,286.39,7.98,60,78
185,Bambous Virieux,MU,-20.3428,57.7575,1637638343,298.27,3.09,40,88
186,Merauke,ID,-8.4667,140.3333,1637638345,302.85,3.66,30,70
187,Boa Vista,BR,2.8197,-60.6733,1637638047,299.14,1.54,75,89
188,Qujing,CN,25.4833,103.7833,1637638347,277.88,2.03,100,91
189,Leeton,AU,-34.5667,146.4,1637638349,300.31,4.63,75,39
190,Kalakamati,BW,-20.5929,27.3121,1637638350,292.46,2.91,99,84
191,Krasnosel'kup,RU,65.7,82.4667,1637638352,266.76,6.67,98,95
192,Naze,JP,28.3667,129.4833,1637638353,289.66,6.64,90,64
193,Seymchan,RU,62.8833,152.4333,1637638355,242.93,0.21,100,98
194,Dunedin,NZ,-45.8742,170.5036,1637638245,286.4,2.53,13,63
195,Pacific Grove,US,36.6177,-121.9166,1637638357,289.99,0.45,1,43
196,Hofn,IS,64.2539,-15.2082,1637638358,279.26,2.79,100,68
197,Pangnirtung,CA,66.1451,-65.7125,1637638360,267.97,6.93,100,75
198,Hay River,CA,60.8156,-115.7999,1637638297,263.14,6.69,90,85
199,Provideniya,RU,64.3833,-173.3,1637638362,260.21,4.0,0,56
200,Korla,CN,41.7597,86.1469,1637638364,273.07,1.37,7,50
201,Tottori-shi,JP,35.5,134.2333,1637638365,284.19,8.23,40,46
202,Grand Island,US,40.925,-98.342,1637638366,281.65,0.89,1,58
203,Hambantota,LK,6.1241,81.1185,1637638368,302.34,1.03,20,89
204,Hammerfest,NO,70.6634,23.6821,1637638369,270.4,5.66,75,80
205,Miles City,US,46.4083,-105.8406,1637638370,281.21,3.09,1,45
206,Avera,US,33.194,-82.5271,1637638372,284.53,4.78,13,50
207,Mount Gambier,AU,-37.8333,140.7667,1637638297,291.1,9.26,75,88
208,Yellowknife,CA,62.456,-114.3525,1637638278,250.6,1.34,40,77
209,Barrow,US,71.2906,-156.7887,1637638204,252.16,2.57,40,77
210,Anadyr,RU,64.75,177.4833,1637638376,248.43,4.0,0,84
211,Lebu,CL,-37.6167,-73.65,1637638378,285.28,8.8,0,87
212,Levelland,US,33.5873,-102.378,1637638379,284.79,4.49,33,41
213,Port Lincoln,AU,-34.7333,135.8667,1637638381,292.54,7.04,99,65
214,Ancud,CL,-41.8697,-73.8203,1637638382,282.89,2.11,34,92
215,San Jose,US,37.3394,-121.895,1637637859,290.15,2.57,1,66
216,Mosquera,CO,4.7059,-74.2302,1637638306,287.2,1.03,40,88
217,Kropotkin,RU,45.4375,40.5756,1637638386,279.96,2.98,36,86
218,Baturaja,ID,-4.1333,104.1667,1637638387,303.08,0.51,100,65
219,Olafsvik,IS,64.8945,-23.7142,1637638388,277.83,7.46,68,61
220,Lavrentiya,RU,65.5833,-171.0,1637638390,254.0,4.6,8,93
221,Kinsale,IE,51.7075,-8.5306,1637638391,276.8,3.09,20,87
222,Mayumba,GA,-3.432,10.6554,1637638393,297.41,4.26,100,93
223,Catuday,PH,16.2923,119.8062,1637638395,302.58,3.23,5,63
224,Voi,KE,-3.3945,38.563,1637638396,295.33,1.55,46,81
225,Lluta,PE,-16.0147,-72.0142,1637638398,282.3,1.55,100,53
226,Kysyl-Syr,RU,63.8986,122.7617,1637638399,246.58,1.53,100,96
227,Telde,ES,27.9924,-15.4192,1637638401,291.27,0.89,40,77
228,Halifax,CA,44.6453,-63.5724,1637638402,286.16,4.02,100,94
229,Manokwari,ID,-0.8667,134.0833,1637638403,301.98,1.9,66,73
230,São Sebastião,BR,-23.76,-45.4097,1637638111,292.36,3.25,59,88
231,Deniliquin,AU,-35.5333,144.9667,1637638201,295.93,5.03,100,46
232,Srednekolymsk,RU,67.45,153.6833,1637638407,238.18,2.22,60,99
233,Galesong,ID,-5.3166,119.3661,1637638408,305.16,2.52,7,69
234,Manbij,SY,36.5281,37.9549,1637638410,278.58,1.02,0,71
235,Dingle,PH,10.9995,122.6711,1637638411,303.05,5.9,67,72
236,Rome,US,43.2128,-75.4557,1637638412,273.07,2.57,90,92
237,Teya,RU,60.3778,92.6267,1637638414,270.97,5.57,98,90
238,Esso,RU,55.9333,158.7,1637638415,265.29,2.23,58,96
239,Valdivia,CL,-39.8142,-73.2459,1637638417,285.2,1.37,1,88
240,Dunkirk,FR,51.05,2.3667,1637638418,279.27,2.03,78,74
241,Ust'-Koksa,RU,50.2696,85.6108,1637638419,269.14,1.96,100,89
242,Arlit,NE,18.7369,7.3853,1637638421,294.43,0.46,0,20
243,Tevaitoa,PF,-16.7833,-151.5,1637638422,300.38,4.49,100,76
244,Kluang,MY,2.0251,103.3328,1637638194,304.0,0.71,98,76
245,San Quintín,MX,30.4833,-115.95,1637638425,291.83,2.0,98,64
246,Diré,ML,12.2833,-10.9667,1637638427,295.12,1.13,14,30
247,Saurimo,AO,-9.6608,20.3916,1637638428,290.94,1.16,100,98
248,Ushtobe,KZ,45.2514,77.9838,1637638429,277.14,1.78,100,71
249,Castro,BR,-24.7911,-50.0119,1637638431,289.64,1.1,52,61
250,Llangefni,GB,53.2556,-4.3106,1637638432,283.0,2.06,90,90
251,Santiago del Estero,AR,-27.7951,-64.2615,1637638434,295.97,6.15,92,89
252,Grindavik,IS,63.8424,-22.4338,1637638435,277.41,5.66,75,81
253,Qiqihar,CN,47.3408,123.9672,1637638437,266.26,7.59,100,58
254,Kahului,US,20.8947,-156.47,1637638264,299.74,8.23,75,86
255,Palāsa,IN,18.7667,84.4167,1637638439,301.07,0.64,15,76
256,General Delgado,PY,-27.1667,-56.5167,1637638441,300.16,2.23,100,54
257,Santa Fé do Sul,BR,-20.2111,-50.9258,1637638226,297.53,1.47,44,56
258,Chui,UY,-33.6971,-53.4616,1637638443,290.68,7.41,8,67
259,Morón,AR,-34.6534,-58.6198,1637638444,293.01,4.92,95,44
260,Airai,TL,-8.9266,125.4092,1637638446,298.68,1.02,86,48
261,Florø,NO,61.5996,5.0328,1637638447,279.24,3.09,75,100
262,Trairi,BR,-3.2778,-39.2689,1637638375,299.9,5.3,100,80
263,Tailai,CN,46.3833,123.4,1637638450,266.37,7.41,95,55
264,Warmbad,NA,-28.45,18.7333,1637638451,287.76,2.91,0,76
265,Mizdah,LY,31.4451,12.9801,1637638453,286.46,1.72,3,70
266,Kindersley,CA,51.4668,-109.1682,1637638454,280.03,5.14,75,64
267,Kruisfontein,ZA,-34.0033,24.7314,1637638455,288.09,4.77,100,80
268,Korba,IN,22.35,82.6833,1637638457,299.89,1.97,0,47
269,Chara,RU,56.9064,118.2631,1637638458,248.2,1.0,20,88
270,Esperance,AU,-33.8667,121.9,1637638460,290.06,7.56,83,67
271,Sioux Lookout,CA,50.1001,-91.917,1637638461,263.19,1.54,40,85
272,Priiskovyy,RU,51.9333,116.6333,1637638462,256.55,0.93,5,78
273,Lira,UG,2.235,32.9097,1637638464,291.44,0.46,100,64
274,Kampong Thom,KH,12.7111,104.8887,1637638465,302.56,4.75,78,61
275,Careiro da Várzea,BR,-3.2003,-59.8119,1637638466,298.49,1.35,92,91
276,Yar-Sale,RU,66.8333,70.8333,1637638468,263.57,2.57,100,96
277,Clyde River,CA,70.4692,-68.5914,1637638469,264.28,7.72,100,86
278,Çerkezköy,TR,41.285,28.0003,1637638470,287.16,0.0,75,93
279,Hasaki,JP,35.7333,140.8333,1637638472,288.37,6.75,100,74
280,Kununurra,AU,-15.7667,128.7333,1637638473,313.14,3.09,73,27
281,Awjilah,LY,29.1081,21.2869,1637638474,289.22,4.47,100,48
282,Ternate,ID,0.8,127.4,1637638476,302.4,3.01,68,73
283,Tiarei,PF,-17.5333,-149.3333,1637638477,302.04,5.11,87,78
284,Talnakh,RU,69.4865,88.3972,1637638478,259.34,3.63,100,89
285,Lüderitz,NA,-26.6481,15.1594,1637638480,288.28,5.67,29,86
286,Mareeba,AU,-17.0,145.4333,1637638481,307.77,4.34,16,53
287,Campbell River,CA,50.0163,-125.2446,1637638297,280.89,1.54,90,100
288,Kargil,IN,34.5667,76.1,1637638484,263.94,0.72,0,51
289,Maralal,KE,1.0968,36.698,1637638485,288.44,1.2,100,66
290,Beisfjord,NO,68.3751,17.5988,1637638486,273.85,3.12,99,95
291,Gainesville,US,29.6516,-82.3248,1637638041,289.74,1.54,1,70
292,Vieira de Leiria,PT,39.8695,-8.9324,1637638489,281.65,2.06,20,81
293,Khani,GE,41.9563,42.9566,1637638490,271.91,2.7,5,57
294,Las Palmas,ES,28.4204,-14.0131,1637638492,288.59,2.57,83,77
295,Havøysund,NO,70.9963,24.6622,1637638493,270.64,6.78,100,70
296,Shirokiy,RU,49.758,129.523,1637638494,267.95,7.29,100,94
297,Havre-St-Pierre,CA,50.2334,-63.5986,1637638496,279.35,3.6,90,93
298,Pringsewu,ID,-5.3582,104.9744,1637638497,302.57,2.44,100,64
299,Butaritari,KI,3.0707,172.7902,1637638498,301.07,5.19,20,77
300,Sibolga,ID,1.7427,98.7792,1637638465,302.63,2.15,100,64
301,Tyukhtet,RU,56.5389,89.3011,1637638501,270.6,5.47,100,82
302,Lata,PT,40.1629,-8.3327,1637638502,280.82,1.48,1,81
303,Terrace,CA,54.5163,-128.6035,1637638350,277.27,3.6,75,87
304,Saint-Joseph,RE,-21.3667,55.6167,1637638206,299.52,2.16,17,67
305,General Roca,AR,-39.0333,-67.5833,1637638506,291.83,2.77,1,21
306,Fallon,US,39.4735,-118.7774,1637638507,273.08,3.09,1,69
307,Jingjiang,CN,32.0142,120.2625,1637638509,281.5,3.48,97,29
308,Ponta do Sol,PT,32.6667,-17.1,1637638510,292.99,2.83,93,71
309,Gao,ML,16.6362,1.637,1637638512,295.64,5.1,0,21
310,Yerbogachën,RU,61.2767,108.0108,1637638513,254.72,4.19,51,80
311,Cortez,US,37.3489,-108.5859,1637638514,280.05,2.06,1,54
312,Haines Junction,CA,60.7522,-137.5108,1637638516,257.12,3.09,100,66
313,Alyangula,AU,-13.8483,136.4192,1637638517,307.08,4.12,59,46
314,Itacaré,BR,-14.2775,-38.9967,1637638518,295.8,3.33,99,95
315,The Valley,AI,18.217,-63.0578,1637638520,299.87,6.41,94,70
316,Bria,CF,6.5423,21.9863,1637638521,291.52,1.71,95,53
317,Sørland,NO,67.667,12.6934,1637638523,278.1,12.45,100,71
318,Nouadhibou,MR,20.931,-17.0347,1637638524,294.13,6.12,1,77
319,La Santisima Trinidad,BO,-14.8333,-64.9,1637638525,297.8,1.95,100,84
320,Ostrovnoy,RU,68.0531,39.5131,1637638467,266.79,3.39,46,93
321,Evensk,RU,61.95,159.2333,1637638528,260.09,5.28,74,83
322,Juneau,US,58.3019,-134.4197,1637638298,274.94,0.0,90,97
323,Moctezuma,MX,29.8,-109.6667,1637638530,292.77,2.56,100,30
324,Jesup,US,31.6074,-81.8854,1637638532,286.3,0.0,1,62
325,Jinxi,CN,30.4323,116.2922,1637638322,283.83,1.4,37,36
326,Skibbereen,IE,51.55,-9.2667,1637638534,277.04,1.9,3,74
327,Lesnoye,RU,58.2841,35.5158,1637638536,265.33,1.76,77,98
328,Sola,VU,-13.8833,167.55,1637638537,303.52,2.57,75,74
329,Guarapari,BR,-20.6667,-40.4975,1637638538,294.09,1.52,68,84
330,Henties Bay,NA,-22.116,14.2845,1637638541,288.07,1.5,0,94
331,Kailua,US,21.4022,-157.7394,1637638542,301.14,6.17,90,73
332,Saint George,US,37.1041,-113.5841,1637638543,285.41,0.0,1,35
333,Bara,NG,10.3744,10.7288,1637638545,295.39,2.23,9,29
334,Mossamedes,AO,-15.1961,12.1522,1637638546,293.26,2.32,63,78
335,Itaituba,BR,-4.2761,-55.9836,1637638547,296.15,0.48,98,99
336,Somerset East,ZA,-32.7217,25.588,1637638549,285.89,4.57,100,96
337,Sandwich,US,41.6459,-88.6217,1637638550,271.64,2.06,90,63
338,Ust'-Omchug,RU,61.15,149.6333,1637638552,244.31,0.67,43,99
339,Maan,PH,5.9339,124.7356,1637638553,302.46,1.15,100,72
340,Maţāy,EG,28.419,30.7792,1637638554,288.63,2.0,0,72
341,Kieta,PG,-6.2167,155.6333,1637638556,302.33,2.05,77,71
342,Coquimbo,CL,-29.9533,-71.3436,1637638274,288.0,1.54,90,82
343,Amapá,BR,1.0,-52.0,1637638558,294.86,0.79,37,99
344,Ayan,RU,56.45,138.1667,1637638560,269.38,15.23,100,82
345,Mackay,AU,-21.15,149.2,1637638561,302.42,3.09,90,89
346,Ila,NO,63.4305,10.3705,1637638562,279.24,7.87,100,88
347,Magán,ES,39.9683,-3.931,1637638564,279.52,2.34,86,86
348,Yagodnoye,RU,62.55,149.6667,1637638565,243.82,0.99,33,99
349,Kohima,IN,25.6667,94.1167,1637638566,285.58,1.05,2,43
350,São Filipe,CV,14.8961,-24.4956,1637638568,299.87,3.53,0,63
351,Big Bend,SZ,-26.8167,31.9333,1637638569,293.24,1.09,100,95
352,Coachella,US,33.6803,-116.1739,1637638571,297.12,0.89,95,26
353,Maputo,MZ,-25.9653,32.5892,1637638572,294.39,2.06,75,93
354,Concordia,AR,-31.393,-58.0209,1637638573,298.59,4.61,0,58
355,Narsaq,GL,60.9167,-46.05,1637638575,268.27,3.23,2,73
356,São João da Barra,BR,-21.6403,-41.0511,1637638382,292.91,1.86,28,74
357,Ludvika,SE,60.1496,15.1878,1637638577,275.04,2.77,91,72
358,Sinegor'ye,RU,62.0788,150.477,1637638579,246.88,0.82,56,92
359,Conceição do Araguaia,BR,-8.2578,-49.2647,1637638580,296.51,0.18,100,92
360,Asău,RO,46.4333,26.4,1637638581,279.24,1.46,100,84
361,Tayshet,RU,55.9342,98.0044,1637638583,272.74,3.95,100,73
362,Gudermes,RU,43.3569,46.1053,1637638584,272.84,0.8,0,72
363,Lamar,US,33.6668,-95.5836,1637638585,281.68,0.0,1,61
364,Tatvan,TR,38.5067,42.2817,1637638587,275.72,1.34,0,76
365,Thinadhoo,MV,0.5333,72.9333,1637638588,301.0,8.54,100,75
366,Esim,GH,4.8699,-2.2405,1637638589,299.01,0.75,38,83
367,Oodweyne,SO,9.4092,45.064,1637638591,291.47,2.88,80,38
368,Doha,QA,25.2867,51.5333,1637638547,296.14,1.54,7,95
369,Hella,NO,67.2,14.4333,1637638593,275.31,8.23,75,94
370,Porto Santo,PT,33.072,-16.3415,1637638595,293.36,4.12,20,77
371,Dakar,SN,14.6937,-17.4441,1637638098,298.22,2.06,0,94
372,Klaksvík,FO,62.2266,-6.589,1637638597,281.66,13.89,100,79
373,Swan Hill,AU,-35.3378,143.5544,1637638598,299.65,5.38,100,41
374,Oistins,BB,13.0667,-59.5333,1637638600,299.2,6.17,40,78
375,Igunga,TZ,-4.2833,33.8833,1637638596,297.07,3.33,55,43
376,Kherālu,IN,23.8833,72.6167,1637638602,299.05,1.87,4,41
377,Sainte-Anne-des-Monts,CA,49.124,-66.4924,1637638604,276.08,10.8,100,65
378,Inta,RU,66.0317,60.1659,1637638605,258.23,4.14,100,96
379,Mabini,PH,15.6,120.9833,1637638607,305.11,0.46,9,53
380,Gōtsuchō,JP,35.0,132.2167,1637638608,283.23,10.89,100,59
381,Assiut,EG,27.181,31.1837,1637638610,284.25,1.78,0,66
382,Henniker,US,43.1798,-71.8223,1637638611,275.5,3.81,100,70
383,Samdrup Jongkhar District,BT,26.9167,91.6167,1637638612,290.76,1.26,91,62
384,Tongren,CN,27.7172,109.1853,1637638614,286.63,1.16,62,55
385,Øksfjord,NO,70.2396,22.3479,1637638615,270.66,3.94,100,91
386,Mangan,IN,27.5167,88.5333,1637638616,293.14,2.2,6,56
387,Wau,SS,7.7029,27.9953,1637638618,294.63,2.2,32,34
388,Zhoucun,CN,36.8167,117.8167,1637638619,281.42,4.01,0,26
389,Viedma,AR,-40.8135,-62.9967,1637638620,283.11,3.42,8,66
390,Toshām,IN,28.8833,75.9167,1637638622,295.07,3.56,0,16
391,Alta Floresta,BR,-9.8756,-56.0861,1637638623,294.58,1.07,99,97
392,Pochutla,MX,15.7432,-96.4661,1637638625,298.62,1.89,99,87
393,Bolkhov,RU,53.4433,36.0044,1637638626,268.72,1.53,44,81
394,Muzaffarpur,IN,26.1167,85.4,1637638627,289.11,1.21,0,36
395,Youhao,CN,47.8667,128.8333,1637638629,264.92,5.68,100,84
396,Dauriya,RU,49.9333,116.8667,1637638630,260.35,5.3,1,59
397,Manicoré,BR,-5.8092,-61.3003,1637638631,296.43,1.11,100,98
398,Raudeberg,NO,61.9875,5.1352,1637638633,278.68,3.13,100,94
399,Orsha,BY,54.5153,30.4053,1637638634,265.27,2.33,65,72
400,Westport,US,41.1415,-73.3579,1637638344,277.48,0.89,1,59
401,Katherine,AU,-14.4667,132.2667,1637638637,310.33,3.6,71,36
402,Colares,PT,38.7992,-9.4469,1637638638,285.31,3.58,5,66
403,Mīrābād,AF,30.4362,61.8383,1637638639,290.93,1.9,0,17
404,Sept-Îles,CA,50.2001,-66.3821,1637638612,275.4,4.47,90,77
405,Bukachacha,RU,52.9833,116.9167,1637638642,259.34,2.15,2,55
406,Kwang Binh,VN,17.4833,106.6,1637638643,291.86,5.71,100,90
407,Turbat,PK,26.0023,63.044,1637638645,296.88,2.94,0,12
408,Egvekinot,RU,66.3167,-179.1667,1637638646,252.43,4.47,21,71
409,Adrar,MR,20.5022,-10.0711,1637638607,296.37,4.11,100,45
410,San Jerónimo,PE,-11.9472,-75.2829,1637638648,284.79,1.24,100,75
411,Vryburg,ZA,-26.9566,24.7284,1637638650,289.33,1.91,0,50
412,Narimanov,RU,46.6927,47.8498,1637638651,277.1,3.98,100,80
413,Le Port,RE,-20.9373,55.2919,1637638653,301.42,1.89,35,74
414,Sterling,US,39.0062,-77.4286,1637638654,276.67,4.02,20,58
415,Yavoriv,UA,49.9386,23.3825,1637638655,274.75,2.48,76,90
416,Alytus,LT,54.4,24.05,1637638657,271.1,4.07,91,80
417,Gemeente Hoorn,NL,52.6431,5.0578,1637638658,283.14,5.08,100,91
418,Czarnków,PL,52.9021,16.5641,1637638659,275.13,5.56,48,84
419,Richards Bay,ZA,-28.783,32.0377,1637638661,293.82,4.81,100,89
420,Balakhninskiy,RU,58.0106,114.2769,1637638662,250.11,1.18,10,89
421,Lagoa,PT,39.05,-27.9833,1637638663,291.39,8.35,37,86
422,Ilulissat,GL,69.2167,-51.1,1637638544,265.16,6.69,87,62
423,Kikwit,CD,-5.041,18.8162,1637638666,293.39,0.92,100,97
424,San Borja,BO,-14.8167,-66.85,1637638667,298.2,0.61,100,75
425,Puerto Nariño,CO,-3.7703,-70.3831,1637638669,297.12,0.24,100,92
426,Ulaangom,MN,49.9811,92.0667,1637638670,261.92,1.11,75,83
427,Hatillo de Loba,CO,8.9564,-74.0782,1637638671,296.29,0.8,100,99
428,Istok,XK,42.7808,20.4875,1637638673,281.57,1.07,100,93
429,Manono,CD,-7.3,27.4167,1637638674,293.09,1.13,88,98
430,Kabo,CF,7.6994,18.629,1637638676,294.13,1.41,57,44
431,Carpinteria,US,34.3989,-119.5185,1637638677,296.58,2.02,98,23
432,Aksu,CN,41.1231,80.2644,1637638678,274.45,0.82,0,41
433,Bandarbeyla,SO,9.4942,50.8122,1637638680,299.02,5.39,85,63
434,Marga,RO,45.5,22.5167,1637638681,278.98,1.47,100,99
435,Oruzgan,AF,32.8333,66.0,1637638682,283.77,2.39,0,21
436,Norman Wells,CA,65.282,-126.8329,1637638684,245.17,1.54,75,69
437,Cockburn Town,TC,21.4612,-71.1419,1637638685,300.49,5.46,4,75
438,Minas Novas,BR,-17.2186,-42.5903,1637638686,292.01,0.87,100,93
439,Saint-François,FR,46.4154,3.9054,1637638688,278.84,5.14,90,75
440,Gazojak,TM,41.1875,61.4036,1637638689,280.66,3.24,7,53
441,Aného,TG,6.2333,1.6,1637638691,300.26,2.35,58,82
442,Pontal do Paraná,BR,-25.6533,-48.5128,1637638692,295.22,0.94,24,92
443,Walvis Bay,NA,-22.9575,14.5053,1637638693,288.2,4.12,0,88
444,Sattahip,TH,12.6664,100.9007,1637638695,304.81,3.6,20,70
445,Lexington,US,37.9887,-84.4777,1637638409,272.23,1.54,1,75
446,Faya,SA,18.3851,42.4509,1637638697,285.21,0.91,11,64
447,Gudalur,IN,9.6833,77.2667,1637638698,300.4,1.37,84,72
448,Portland,US,45.5234,-122.6762,1637638327,281.21,0.89,90,90
449,Gunjur,GM,13.2019,-16.7339,1637638701,297.19,2.06,0,94
450,Puerto Escondido,MX,15.85,-97.0667,1637638702,299.61,2.57,1,73
451,Ust-Kuyga,RU,70.0167,135.6,1637638704,241.24,2.48,87,100
452,Torquay,GB,50.4638,-3.5143,1637638412,279.18,0.45,22,90
453,Tegul'det,RU,57.3064,88.1667,1637638706,271.28,5.91,100,84
454,Muisne,EC,0.6,-80.0333,1637638708,295.58,2.71,75,80
455,Shache,CN,38.4167,77.2406,1637638709,275.33,1.41,0,30
456,Bonanza,NI,14.0289,-84.591,1637638710,292.82,1.16,98,99
457,Mahon,ES,39.8885,4.2658,1637638712,283.46,3.6,0,93
458,Tamandaré,BR,-8.7597,-35.1047,1637638713,298.61,2.53,72,76
459,Pauini,BR,-7.7136,-66.9764,1637638714,295.6,1.01,100,99
460,Almaty,KZ,43.25,76.95,1637638641,272.1,2.0,40,86
461,Geilo,NO,60.5333,8.2076,1637638717,273.96,3.97,96,89
462,Manggar,ID,-2.8833,108.2667,1637638718,304.31,0.78,100,59
463,Newport,GB,51.5877,-2.9984,1637638720,278.07,2.92,11,90
464,Moose Factory,CA,51.2585,-80.6094,1637638721,266.15,6.69,90,86
465,Pevek,RU,69.7008,170.3133,1637638722,245.14,0.89,17,96
466,Koróni,GR,36.8,21.95,1637638724,289.86,1.53,100,78
467,Marsá Maţrūḩ,EG,31.3525,27.2453,1637638725,287.26,0.0,0,88
468,Seoul,KR,37.5683,126.9778,1637638308,275.57,3.09,75,47
469,Dawlatabad,AF,36.4141,64.9053,1637638728,286.77,1.0,100,36
470,Safi,MA,32.2994,-9.2372,1637638729,289.46,2.15,73,73
471,Bonavista,CA,48.6499,-53.1147,1637638730,277.1,8.69,98,76
472,Ambulu,ID,-8.345,113.6058,1637638732,302.53,1.58,100,72
473,Castelldefels,ES,41.2779,1.9703,1637638733,286.31,0.89,40,76
474,Bozoum,CF,6.3193,16.3799,1637638735,292.96,0.61,24,69
475,Atikokan,CA,48.7555,-91.6216,1637638736,262.01,0.9,33,97
476,Antigonish,CA,45.6169,-61.9986,1637638508,286.05,6.71,100,91
477,Rawson,AR,-43.3002,-65.1023,1637638738,283.6,5.39,90,56
478,Tabou,CI,4.423,-7.3528,1637638740,298.79,1.32,6,83
479,Lenger,KZ,42.183,69.8839,1637638741,273.84,2.23,0,54
480,Galle,LK,6.0367,80.217,1637638743,301.01,3.67,94,74
481,Greeneville,US,36.1632,-82.831,1637638744,275.55,2.57,1,62
482,Coyhaique,CL,-45.5752,-72.0662,1637638682,281.71,2.97,98,89
483,Nuuk,GL,64.1835,-51.7216,1637638746,267.49,2.06,20,79
484,Tayu,ID,-6.5397,111.0518,1637638748,303.77,1.81,92,64
485,Bismarck,US,46.8083,-100.7837,1637638749,275.86,3.09,1,70
486,Suez,EG,29.9737,32.5263,1637638750,289.41,2.52,0,76
487,Bukama,CD,-9.2,25.85,1637638752,293.0,1.46,99,98
488,Andenes,NO,69.3143,16.1194,1637638753,274.14,4.63,75,93
489,Peddāpuram,IN,17.0833,82.1333,1637638754,302.2,0.63,27,75
490,Alice Springs,AU,-23.7,133.8833,1637638756,295.9,6.17,99,68
491,Pachino,IT,36.7186,15.0907,1637638757,286.17,3.55,90,72
492,Waingapu,ID,-9.6567,120.2641,1637638758,304.57,3.44,99,58
493,Monte Santo,BR,-10.4378,-39.3328,1637638760,294.99,3.4,67,84
494,Tarko-Sale,RU,64.9225,77.785,1637638761,264.03,4.28,100,95
495,Koksovyy,RU,48.1967,40.5989,1637638763,278.04,4.18,100,84
496,Tyup,KG,42.7276,78.3648,1637638764,272.53,0.9,16,68
497,Tocopilla,CL,-22.092,-70.1979,1637638765,290.47,0.65,62,71
498,Turukhansk,RU,65.8167,87.9833,1637638767,263.84,9.2,100,90
499,Poum,NC,-20.2333,164.0167,1637638768,298.89,1.3,100,74
500,Necochea,AR,-38.5473,-58.7368,1637638769,284.28,6.39,1,65
501,Bull Savanna,JM,17.8868,-77.5902,1637638771,296.03,2.57,49,84
502,Suwannaphum,TH,15.6035,103.8021,1637638772,300.12,8.01,78,61
503,Porbandar,IN,21.6422,69.6093,1637638774,298.14,1.54,74,65
504,Polonne,UA,50.1242,27.5109,1637638775,273.15,2.61,94,82
505,Monte Azul,BR,-15.155,-42.8747,1637638776,294.59,1.76,100,97
506,Lyantonde,UG,-0.4031,31.1572,1637638778,289.08,1.31,77,93
507,Katobu,ID,-4.9408,122.5276,1637638779,304.47,1.57,18,61
508,Zamora,EC,-4.0692,-78.9567,1637638780,292.73,1.49,99,98
509,Buala,SB,-8.145,159.5921,1637638782,302.15,4.84,82,74
510,Urengoy,RU,65.9667,78.3667,1637638783,264.8,4.7,100,95
511,Gīdam,IN,18.9833,81.4,1637638784,299.68,1.31,37,73
512,Lingao,CN,19.9103,109.6859,1637638786,294.01,5.82,80,67
513,Maracaçumé,BR,-2.0428,-45.9592,1637638787,296.78,1.08,83,89
514,Brae,GB,60.3964,-1.353,1637638788,282.1,9.81,100,81
515,Wonosobo,ID,-7.36,109.9025,1637638790,298.04,0.68,100,83
516,Williams Lake,CA,52.1415,-122.1445,1637638791,274.91,1.54,75,74
517,Borogontsy,RU,62.6683,131.1683,1637638792,247.06,1.12,100,89
518,Sinop Province,TR,41.7711,34.8709,1637638794,280.96,4.19,100,62
519,Teknāf,BD,20.8624,92.3058,1637638795,300.99,0.83,11,44
520,Kédougou,SN,12.5579,-12.1743,1637638796,296.95,1.48,4,29
521,Sturgeon Falls,CA,46.3646,-79.9326,1637638798,269.31,4.24,53,64
522,Caceres,ES,39.522,-6.3748,1637638799,278.6,2.43,37,82
523,Cap Malheureux,MU,-19.9842,57.6142,1637638801,298.97,0.89,3,62
524,Linfen,CN,36.0889,111.5189,1637638802,279.41,2.24,0,17
525,Port Macquarie,AU,-31.4333,152.9167,1637638803,298.09,3.0,63,74
526,Koygorodok,RU,60.445,50.9968,1637638805,266.33,3.11,99,95
527,Myitkyina,MM,25.3833,97.4,1637638806,298.39,0.92,18,53
528,Makkah al Mukarramah,SA,21.4267,39.8261,1637638646,294.28,2.09,81,46
529,Irtyshskiy,RU,58.3333,68.1333,1637638809,266.3,4.7,100,93
530,Ashoknagar,IN,24.5667,77.7167,1637638810,296.32,1.55,2,24
531,Koutiala,ML,12.3917,-5.4642,1637638811,296.08,3.16,1,22
532,Progreso,MX,21.2833,-89.6667,1637638813,297.21,6.02,0,66
533,Caiapônia,BR,-16.9567,-51.8103,1637638814,294.54,0.71,92,90
534,Pidhorodne,UA,48.5753,35.1068,1637638816,275.73,3.26,100,66
535,Lac du Bonnet,CA,50.2536,-96.0612,1637638817,262.29,3.16,76,88
536,Jizan,SA,17.3333,42.6667,1637638818,297.67,1.17,9,66
537,Tyukalinsk,RU,55.8732,72.1967,1637638820,270.14,6.69,93,91
538,Goderich,CA,43.7501,-81.7165,1637638720,275.88,7.2,99,55
539,Kulhudhuffushi,MV,6.6221,73.07,1637638822,300.59,5.03,87,74
540,Golyshmanovo,RU,56.3979,68.3728,1637638824,264.92,5.56,75,92
541,Chapais,CA,49.7834,-74.8492,1637638825,263.03,4.77,100,89
542,Tete,MZ,-16.1564,33.5867,1637638827,302.2,4.12,40,65
543,Vanimo,PG,-2.6741,141.3028,1637638828,302.2,2.13,51,75
544,Paris,FR,48.8534,2.3488,1637638490,276.03,1.79,0,84
545,Višegrad,BA,43.7847,19.2992,1637638831,280.5,1.52,100,95
546,Vao,NC,-22.6667,167.4833,1637638832,297.16,4.68,99,79
547,Srīvardhan,IN,18.0333,73.0167,1637638834,301.02,1.43,86,76
548,Matagami,CA,49.7502,-77.6328,1637638835,264.21,4.63,90,92
549,Kautokeino,NO,69.0125,23.0412,1637638836,260.49,5.31,100,92
550,Vargashi,RU,55.3556,65.8467,1637638838,266.98,6.42,96,90
551,Jiangkou,CN,25.4872,119.1986,1637638839,287.09,5.6,100,74
552,Ambon City,ID,-3.6954,128.1814,1637638840,304.23,3.6,40,66
553,Bastrop,US,32.7562,-91.8724,1637638842,279.97,2.66,0,91
554,Kholtoson,RU,50.2981,103.3097,1637638843,266.57,1.36,99,52
555,Bubaque,GW,11.2833,-15.8333,1637638844,301.0,3.67,5,77
556,Igarka,RU,67.4667,86.5833,1637638846,261.21,9.98,100,92
557,Bemidji,US,47.4736,-94.8803,1637638847,267.54,1.54,1,82
558,Tommot,RU,58.9564,126.2925,1637638848,253.34,2.75,100,81
559,Beira,MZ,-19.8436,34.8389,1637638850,298.2,2.57,75,94
560,Saint-Paul,RE,-21.0096,55.2707,1637638851,299.2,0.42,35,69
561,Kyshtovka,RU,56.555,76.6271,1637638853,270.95,4.15,100,96
562,Kitui,KE,-1.367,38.0106,1637638854,290.45,0.85,100,94
563,Aswān,EG,24.0934,32.907,1637638855,287.76,3.6,0,58
564,Maceió,BR,-9.6658,-35.7353,1637638857,297.84,1.54,40,88
565,Qasigiannguit,GL,68.8193,-51.1922,1637638858,265.29,3.26,62,92
566,Okhotsk,RU,59.3833,143.3,1637638860,259.92,6.26,38,87
567,Ballina,AU,-28.8667,153.5667,1637638769,299.17,5.66,75,76
568,Murdochville,CA,48.9583,-65.5006,1637638862,273.64,1.74,100,98
569,Mala,PE,-12.6581,-76.6308,1637638864,291.91,2.64,100,84
570,Mahébourg,MU,-20.4081,57.7,1637638865,298.85,3.09,40,88
571,Cascais,PT,38.6979,-9.4215,1637638866,285.4,3.58,4,65
572,Alice Town,BS,25.7167,-79.3,1637638868,297.57,7.81,53,70
573,Malartic,CA,48.1335,-78.1328,1637638702,263.21,3.43,98,91
574,Coalinga,US,36.1397,-120.3602,1637638870,287.61,0.08,50,34
575,Vilcún,CL,-38.65,-72.2333,1637638872,282.56,1.0,0,89
576,Kewanee,US,41.2456,-89.9248,1637638873,270.78,2.0,7,37
577,Zenzeli,RU,45.9241,47.0474,1637638874,280.85,4.52,40,80
